"Chemin";"Nom";"Extension";"Modifie";"Taille_Ko"
"C:\Users\gille\OneDrive - CustomerLine Technology\Documents\GitHub\CustomerLine\arbo.csv";"arbo.csv";".csv";"2026-07-11 10:05";"0"
"C:\Users\gille\OneDrive - CustomerLine Technology\Documents\GitHub\CustomerLine\README.md";"README.md";".md";"2026-04-03 11:59";"0,5"
"C:\Users\gille\OneDrive - CustomerLine Technology\Documents\GitHub\CustomerLine\.git\COMMIT_EDITMSG";"COMMIT_EDITMSG";"";"2026-06-04 11:47";"0"
"C:\Users\gille\OneDrive - CustomerLine Technology\Documents\GitHub\CustomerLine\.git\config";"config";"";"2026-04-03 11:59";"0,4"
"C:\Users\gille\OneDrive - CustomerLine Technology\Documents\GitHub\CustomerLine\.git\description";"description";"";"2026-04-03 11:59";"0,1"
"C:\Users\gille\OneDrive - CustomerLine Technology\Documents\GitHub\CustomerLine\.git\FETCH_HEAD";"FETCH_HEAD";"";"2026-07-11 09:59";"0,1"
"C:\Users\gille\OneDrive - CustomerLine Technology\Documents\GitHub\CustomerLine\.git\HEAD";"HEAD";"";"2026-04-03 11:59";"0"
"C:\Users\gille\OneDrive - CustomerLine Technology\Documents\GitHub\CustomerLine\.git\index";"index";"";"2026-06-04 11:47";"5"
"C:\Users\gille\OneDrive - CustomerLine Technology\Documents\GitHub\CustomerLine\.git\ORIG_HEAD";"ORIG_HEAD";"";"2026-05-10 11:32";"0"
"C:\Users\gille\OneDrive - CustomerLine Technology\Documents\GitHub\CustomerLine\.git\packed-refs";"packed-refs";"";"2026-04-03 11:59";"0,1"
"C:\Users\gille\OneDrive - CustomerLine Technology\Documents\GitHub\CustomerLine\.git\hooks\applypatch-msg.sample";"applypatch-msg.sample";".sample";"2026-04-03 11:59";"0,5"
"C:\Users\gille\OneDrive - CustomerLine Technology\Documents\GitHub\CustomerLine\.git\hooks\commit-msg.sample";"commit-msg.sample";".sample";"2026-04-03 11:59";"0,9"
"C:\Users\gille\OneDrive - CustomerLine Technology\Documents\GitHub\CustomerLine\.git\hooks\fsmonitor-watchman.sample";"fsmonitor-watchman.sample";".sample";"2026-04-03 11:59";"4,6"
"C:\Users\gille\OneDrive - CustomerLine Technology\Documents\GitHub\CustomerLine\.git\hooks\post-update.sample";"post-update.sample";".sample";"2026-04-03 11:59";"0,2"
"C:\Users\gille\OneDrive - CustomerLine Technology\Documents\GitHub\CustomerLine\.git\hooks\pre-applypatch.sample";"pre-applypatch.sample";".sample";"2026-04-03 11:59";"0,4"
"C:\Users\gille\OneDrive - CustomerLine Technology\Documents\GitHub\CustomerLine\.git\hooks\pre-commit.sample";"pre-commit.sample";".sample";"2026-04-03 11:59";"1,6"
"C:\Users\gille\OneDrive - CustomerLine Technology\Documents\GitHub\CustomerLine\.git\hooks\pre-merge-commit.sample";"pre-merge-commit.sample";".sample";"2026-04-03 11:59";"0,4"
"C:\Users\gille\OneDrive - CustomerLine Technology\Documents\GitHub\CustomerLine\.git\hooks\pre-push.sample";"pre-push.sample";".sample";"2026-04-03 11:59";"1,3"
"C:\Users\gille\OneDrive - CustomerLine Technology\Documents\GitHub\CustomerLine\.git\hooks\pre-rebase.sample";"pre-rebase.sample";".sample";"2026-04-03 11:59";"4,8"
"C:\Users\gille\OneDrive - CustomerLine Technology\Documents\GitHub\CustomerLine\.git\hooks\pre-receive.sample";"pre-receive.sample";".sample";"2026-04-03 11:59";"0,5"
"C:\Users\gille\OneDrive - CustomerLine Technology\Documents\GitHub\CustomerLine\.git\hooks\prepare-commit-msg.sample";"prepare-commit-msg.sample";".sample";"2026-04-03 11:59";"1,5"
"C:\Users\gille\OneDrive - CustomerLine Technology\Documents\GitHub\CustomerLine\.git\hooks\push-to-checkout.sample";"push-to-checkout.sample";".sample";"2026-04-03 11:59";"2,7"
"C:\Users\gille\OneDrive - CustomerLine Technology\Documents\GitHub\CustomerLine\.git\hooks\sendemail-validate.sample";"sendemail-validate.sample";".sample";"2026-04-03 11:59";"2,3"
"C:\Users\gille\OneDrive - CustomerLine Technology\Documents\GitHub\CustomerLine\.git\hooks\update.sample";"update.sample";".sample";"2026-04-03 11:59";"3,6"
"C:\Users\gille\OneDrive - CustomerLine Technology\Documents\GitHub\CustomerLine\.git\info\exclude";"exclude";"";"2026-04-03 11:59";"0,2"
"C:\Users\gille\OneDrive - CustomerLine Technology\Documents\GitHub\CustomerLine\.git\logs\HEAD";"HEAD";"";"2026-06-04 11:47";"3,5"
"C:\Users\gille\OneDrive - CustomerLine Technology\Documents\GitHub\CustomerLine\.git\logs\refs\heads\main";"main";"";"2026-06-04 11:47";"3,5"
"C:\Users\gille\OneDrive - CustomerLine Technology\Documents\GitHub\CustomerLine\.git\logs\refs\remotes\origin\HEAD";"HEAD";"";"2026-07-11 09:59";"7,2"
"C:\Users\gille\OneDrive - CustomerLine Technology\Documents\GitHub\CustomerLine\.git\logs\refs\remotes\origin\main";"main";"";"2026-06-04 11:48";"3,1"
"C:\Users\gille\OneDrive - CustomerLine Technology\Documents\GitHub\CustomerLine\.git\objects\01\27af18e28f9c98b07cc13db16be5308896693a";"27af18e28f9c98b07cc13db16be5308896693a";"";"2026-05-20 18:29";"0,2"
"C:\Users\gille\OneDrive - CustomerLine Technology\Documents\GitHub\CustomerLine\.git\objects\04\64d609bd6244861f0df787a664e3d1a00c9859";"64d609bd6244861f0df787a664e3d1a00c9859";"";"2026-06-04 11:47";"744,4"
"C:\Users\gille\OneDrive - CustomerLine Technology\Documents\GitHub\CustomerLine\.git\objects\07\65c285d277d8733d36e5760e044a9b46f859d6";"65c285d277d8733d36e5760e044a9b46f859d6";"";"2026-04-27 10:40";"0,2"
"C:\Users\gille\OneDrive - CustomerLine Technology\Documents\GitHub\CustomerLine\.git\objects\07\9307668e60aad99283d0bd9431f946e123a481";"9307668e60aad99283d0bd9431f946e123a481";"";"2026-05-10 11:31";"28,7"
"C:\Users\gille\OneDrive - CustomerLine Technology\Documents\GitHub\CustomerLine\.git\objects\09\426ffac4d3abfaaab470ff93cc4c7be3b32ac4";"426ffac4d3abfaaab470ff93cc4c7be3b32ac4";"";"2026-04-08 12:32";"0,2"
"C:\Users\gille\OneDrive - CustomerLine Technology\Documents\GitHub\CustomerLine\.git\objects\0e\aae7c4bc4cbad83b4804764cd12e39bf389782";"aae7c4bc4cbad83b4804764cd12e39bf389782";"";"2026-05-10 11:31";"0,2"
"C:\Users\gille\OneDrive - CustomerLine Technology\Documents\GitHub\CustomerLine\.git\objects\0e\e79718da54099107911d04ead51364378dc02c";"e79718da54099107911d04ead51364378dc02c";"";"2026-06-04 11:47";"0,5"
"C:\Users\gille\OneDrive - CustomerLine Technology\Documents\GitHub\CustomerLine\.git\objects\0f\029b6e6feecb7be6eac07048ee3a8303f18400";"029b6e6feecb7be6eac07048ee3a8303f18400";"";"2026-05-22 16:16";"0,2"
"C:\Users\gille\OneDrive - CustomerLine Technology\Documents\GitHub\CustomerLine\.git\objects\0f\a87d32292eefb608d653bd8e080251512a8532";"a87d32292eefb608d653bd8e080251512a8532";"";"2026-05-04 18:43";"3,2"
"C:\Users\gille\OneDrive - CustomerLine Technology\Documents\GitHub\CustomerLine\.git\objects\14\2eb4e7a29c6aacb53a8c5b3d2577d8b8e6409d";"2eb4e7a29c6aacb53a8c5b3d2577d8b8e6409d";"";"2026-06-04 11:47";"214,9"
"C:\Users\gille\OneDrive - CustomerLine Technology\Documents\GitHub\CustomerLine\.git\objects\14\63a65d410bc34316788ee0f21c2cfac0c7b471";"63a65d410bc34316788ee0f21c2cfac0c7b471";"";"2026-05-20 18:29";"3,9"
"C:\Users\gille\OneDrive - CustomerLine Technology\Documents\GitHub\CustomerLine\.git\objects\15\12e64ca6837469debb17507f853b8aa3319139";"12e64ca6837469debb17507f853b8aa3319139";"";"2026-05-10 11:31";"87,7"
"C:\Users\gille\OneDrive - CustomerLine Technology\Documents\GitHub\CustomerLine\.git\objects\15\74d7e824bc2a82cade3cbf3e4f1b42ec6c68b9";"74d7e824bc2a82cade3cbf3e4f1b42ec6c68b9";"";"2026-06-04 11:47";"1789,6"
"C:\Users\gille\OneDrive - CustomerLine Technology\Documents\GitHub\CustomerLine\.git\objects\17\1ad6cab917f88657ce5e4689dd6ffb9b853633";"1ad6cab917f88657ce5e4689dd6ffb9b853633";"";"2026-05-21 10:52";"0,6"
"C:\Users\gille\OneDrive - CustomerLine Technology\Documents\GitHub\CustomerLine\.git\objects\1d\ba3f99f6e8365537ba52d748e33d5ac9d51fd6";"ba3f99f6e8365537ba52d748e33d5ac9d51fd6";"";"2026-04-14 09:48";"0,2"
"C:\Users\gille\OneDrive - CustomerLine Technology\Documents\GitHub\CustomerLine\.git\objects\21\548c005c216454279b384c026a29ff8b195dfe";"548c005c216454279b384c026a29ff8b195dfe";"";"2026-04-27 12:05";"9,6"
"C:\Users\gille\OneDrive - CustomerLine Technology\Documents\GitHub\CustomerLine\.git\objects\22\67f7e67e254ec59ccb2631b855d1cd6063ce6b";"67f7e67e254ec59ccb2631b855d1cd6063ce6b";"";"2026-04-03 12:04";"0,1"
"C:\Users\gille\OneDrive - CustomerLine Technology\Documents\GitHub\CustomerLine\.git\objects\23\c5c1660e8e4157d072e6594969d3245b522562";"c5c1660e8e4157d072e6594969d3245b522562";"";"2026-04-03 12:15";"0,2"
"C:\Users\gille\OneDrive - CustomerLine Technology\Documents\GitHub\CustomerLine\.git\objects\26\8e06f74c1ad75ba75168adf7c44a3812b3ed3f";"8e06f74c1ad75ba75168adf7c44a3812b3ed3f";"";"2026-05-10 11:31";"0,2"
"C:\Users\gille\OneDrive - CustomerLine Technology\Documents\GitHub\CustomerLine\.git\objects\26\f3f681632e03c8fea314aeac4c4e68a56062a1";"f3f681632e03c8fea314aeac4c4e68a56062a1";"";"2026-06-04 11:47";"766,9"
"C:\Users\gille\OneDrive - CustomerLine Technology\Documents\GitHub\CustomerLine\.git\objects\2a\1cf9d6f9af344c2c6c1eeb23ef48bd43b705a0";"1cf9d6f9af344c2c6c1eeb23ef48bd43b705a0";"";"2026-04-14 11:41";"0,2"
"C:\Users\gille\OneDrive - CustomerLine Technology\Documents\GitHub\CustomerLine\.git\objects\2b\f2648f1e75ae4366f0d6e932183d40a2c75e03";"f2648f1e75ae4366f0d6e932183d40a2c75e03";"";"2026-04-27 12:12";"0,2"
"C:\Users\gille\OneDrive - CustomerLine Technology\Documents\GitHub\CustomerLine\.git\objects\2d\7b5a394ffb5c3bee83d2d08065cf186158dbee";"7b5a394ffb5c3bee83d2d08065cf186158dbee";"";"2026-04-08 12:32";"0,1"
"C:\Users\gille\OneDrive - CustomerLine Technology\Documents\GitHub\CustomerLine\.git\objects\31\cb913737c29ecc3f66483dd2f16bfdad4c36aa";"cb913737c29ecc3f66483dd2f16bfdad4c36aa";"";"2026-05-21 10:52";"87,8"
"C:\Users\gille\OneDrive - CustomerLine Technology\Documents\GitHub\CustomerLine\.git\objects\32\42481127c7967dd16f14ae774f5ca798555566";"42481127c7967dd16f14ae774f5ca798555566";"";"2026-04-23 13:13";"0,5"
"C:\Users\gille\OneDrive - CustomerLine Technology\Documents\GitHub\CustomerLine\.git\objects\32\e5c11223a824d6766291faaaa73a3d7e7e7eb9";"e5c11223a824d6766291faaaa73a3d7e7e7eb9";"";"2026-05-20 09:07";"0,2"
"C:\Users\gille\OneDrive - CustomerLine Technology\Documents\GitHub\CustomerLine\.git\objects\33\4589475b0956af94c915d1e792f988a6c25de3";"4589475b0956af94c915d1e792f988a6c25de3";"";"2026-06-04 11:47";"3,3"
"C:\Users\gille\OneDrive - CustomerLine Technology\Documents\GitHub\CustomerLine\.git\objects\37\83492f93155fc95f276e985b199350273b8197";"83492f93155fc95f276e985b199350273b8197";"";"2026-04-15 08:16";"0,2"
"C:\Users\gille\OneDrive - CustomerLine Technology\Documents\GitHub\CustomerLine\.git\objects\37\ba6a628b1f60ed10081271d1b9673a4452baeb";"ba6a628b1f60ed10081271d1b9673a4452baeb";"";"2026-05-20 09:07";"0,2"
"C:\Users\gille\OneDrive - CustomerLine Technology\Documents\GitHub\CustomerLine\.git\objects\38\67692da496efe77d7740ba6231ed67e81e7fa2";"67692da496efe77d7740ba6231ed67e81e7fa2";"";"2026-04-03 12:15";"0,1"
"C:\Users\gille\OneDrive - CustomerLine Technology\Documents\GitHub\CustomerLine\.git\objects\38\fba23dfc55f10520939dca7ff8d07412feeb2b";"fba23dfc55f10520939dca7ff8d07412feeb2b";"";"2026-05-20 09:07";"0,2"
"C:\Users\gille\OneDrive - CustomerLine Technology\Documents\GitHub\CustomerLine\.git\objects\3e\3b26eddab46732f7707009fd4f9357c77fd51c";"3b26eddab46732f7707009fd4f9357c77fd51c";"";"2026-05-10 11:31";"0,5"
"C:\Users\gille\OneDrive - CustomerLine Technology\Documents\GitHub\CustomerLine\.git\objects\40\25b1db9d8aae0859a39b68b9ad4f0613a385c5";"25b1db9d8aae0859a39b68b9ad4f0613a385c5";"";"2026-06-04 11:47";"571,7"
"C:\Users\gille\OneDrive - CustomerLine Technology\Documents\GitHub\CustomerLine\.git\objects\40\8dbc166172f5dc7909d3ce6992d2eff8d89f31";"8dbc166172f5dc7909d3ce6992d2eff8d89f31";"";"2026-04-15 08:16";"0,2"
"C:\Users\gille\OneDrive - CustomerLine Technology\Documents\GitHub\CustomerLine\.git\objects\42\29a44aea1735dec602b09205e82eed56d599db";"29a44aea1735dec602b09205e82eed56d599db";"";"2026-04-08 17:10";"0,2"
"C:\Users\gille\OneDrive - CustomerLine Technology\Documents\GitHub\CustomerLine\.git\objects\43\56d7d61438d026aae576e3b447c37e71c07d7b";"56d7d61438d026aae576e3b447c37e71c07d7b";"";"2026-05-10 11:31";"47,3"
"C:\Users\gille\OneDrive - CustomerLine Technology\Documents\GitHub\CustomerLine\.git\objects\47\3e98226bdcf83d0bc374e2e9e9f7c2e25d8d55";"3e98226bdcf83d0bc374e2e9e9f7c2e25d8d55";"";"2026-04-14 09:48";"0,1"
"C:\Users\gille\OneDrive - CustomerLine Technology\Documents\GitHub\CustomerLine\.git\objects\48\32dffe47b9b05985290b9f8ca2975558f0f65c";"32dffe47b9b05985290b9f8ca2975558f0f65c";"";"2026-04-15 08:16";"3,8"
"C:\Users\gille\OneDrive - CustomerLine Technology\Documents\GitHub\CustomerLine\.git\objects\49\4252b4bc9731a92a600cb873145bfad2a4870f";"4252b4bc9731a92a600cb873145bfad2a4870f";"";"2026-06-04 11:47";"752,4"
"C:\Users\gille\OneDrive - CustomerLine Technology\Documents\GitHub\CustomerLine\.git\objects\49\eff79761e85b02d32a535ee5eb31c8be6e285f";"eff79761e85b02d32a535ee5eb31c8be6e285f";"";"2026-04-03 12:15";"1,5"
"C:\Users\gille\OneDrive - CustomerLine Technology\Documents\GitHub\CustomerLine\.git\objects\4f\aacd5ec593c6528f7086448801b34aaf749498";"aacd5ec593c6528f7086448801b34aaf749498";"";"2026-04-08 12:32";"2,5"
"C:\Users\gille\OneDrive - CustomerLine Technology\Documents\GitHub\CustomerLine\.git\objects\53\bc3fecbe3156d52ea139cd8114717eae5d51f8";"bc3fecbe3156d52ea139cd8114717eae5d51f8";"";"2026-05-21 10:52";"0,2"
"C:\Users\gille\OneDrive - CustomerLine Technology\Documents\GitHub\CustomerLine\.git\objects\5e\e6a0b1f09c3140342215b3153ca14677234069";"e6a0b1f09c3140342215b3153ca14677234069";"";"2026-04-08 17:10";"0,5"
"C:\Users\gille\OneDrive - CustomerLine Technology\Documents\GitHub\CustomerLine\.git\objects\5f\c87e28538a152975670d3ab01d5a8eca6dd7c1";"c87e28538a152975670d3ab01d5a8eca6dd7c1";"";"2026-06-04 11:47";"359,7"
"C:\Users\gille\OneDrive - CustomerLine Technology\Documents\GitHub\CustomerLine\.git\objects\60\9ae15bca39a01d5a5da046c60088265b7446ae";"9ae15bca39a01d5a5da046c60088265b7446ae";"";"2026-04-14 11:41";"0,2"
"C:\Users\gille\OneDrive - CustomerLine Technology\Documents\GitHub\CustomerLine\.git\objects\61\2a20f37022c16c71b5862c9be53bff3a9ca0f8";"2a20f37022c16c71b5862c9be53bff3a9ca0f8";"";"2026-04-03 12:04";"6,3"
"C:\Users\gille\OneDrive - CustomerLine Technology\Documents\GitHub\CustomerLine\.git\objects\66\df336f6b5a3f6904c5fd475e0e7b36e43c4db2";"df336f6b5a3f6904c5fd475e0e7b36e43c4db2";"";"2026-05-10 11:31";"87,7"
"C:\Users\gille\OneDrive - CustomerLine Technology\Documents\GitHub\CustomerLine\.git\objects\67\a2aca3ad6ca18cf9bb9303b245797f2bca4aaa";"a2aca3ad6ca18cf9bb9303b245797f2bca4aaa";"";"2026-05-10 11:31";"3,8"
"C:\Users\gille\OneDrive - CustomerLine Technology\Documents\GitHub\CustomerLine\.git\objects\67\f75bd4c5b6c87011e8534c92ea2503f587d5ce";"f75bd4c5b6c87011e8534c92ea2503f587d5ce";"";"2026-04-08 17:10";"1593,6"
"C:\Users\gille\OneDrive - CustomerLine Technology\Documents\GitHub\CustomerLine\.git\objects\68\ad75dfbfbf766087074e801e74fd1c146267df";"ad75dfbfbf766087074e801e74fd1c146267df";"";"2026-06-04 11:47";"849,5"
"C:\Users\gille\OneDrive - CustomerLine Technology\Documents\GitHub\CustomerLine\.git\objects\69\88d50dc85a5dc72cd738bcc557bed94f7efa5b";"88d50dc85a5dc72cd738bcc557bed94f7efa5b";"";"2026-05-21 10:52";"0,2"
"C:\Users\gille\OneDrive - CustomerLine Technology\Documents\GitHub\CustomerLine\.git\objects\6a\791c2b4f521f1d3e3e51a8f88514020f67a980";"791c2b4f521f1d3e3e51a8f88514020f67a980";"";"2026-05-22 16:16";"4,1"
"C:\Users\gille\OneDrive - CustomerLine Technology\Documents\GitHub\CustomerLine\.git\objects\6c\a75dbfe1501f5f050a8f48769a9dbb01c93655";"a75dbfe1501f5f050a8f48769a9dbb01c93655";"";"2026-06-04 11:47";"490,9"
"C:\Users\gille\OneDrive - CustomerLine Technology\Documents\GitHub\CustomerLine\.git\objects\6e\6d321c19ced4d97ad47fa350624fa1baa10f4f";"6d321c19ced4d97ad47fa350624fa1baa10f4f";"";"2026-04-03 12:15";"2,5"
"C:\Users\gille\OneDrive - CustomerLine Technology\Documents\GitHub\CustomerLine\.git\objects\71\e9bc6687df090637c7abd6d8562f5ddee96991";"e9bc6687df090637c7abd6d8562f5ddee96991";"";"2026-04-15 08:16";"3,2"
"C:\Users\gille\OneDrive - CustomerLine Technology\Documents\GitHub\CustomerLine\.git\objects\72\f9892f4d6ab2c46d1cd73748877f33c7d58692";"f9892f4d6ab2c46d1cd73748877f33c7d58692";"";"2026-05-21 10:52";"0,2"
"C:\Users\gille\OneDrive - CustomerLine Technology\Documents\GitHub\CustomerLine\.git\objects\74\34f44ea8cc08b0c411906e61e2dd2be94e1d89";"34f44ea8cc08b0c411906e61e2dd2be94e1d89";"";"2026-05-20 18:29";"0,2"
"C:\Users\gille\OneDrive - CustomerLine Technology\Documents\GitHub\CustomerLine\.git\objects\75\1a7be3fab549bd675ea6932fbc3227c26f441e";"1a7be3fab549bd675ea6932fbc3227c26f441e";"";"2026-04-03 12:04";"0,2"
"C:\Users\gille\OneDrive - CustomerLine Technology\Documents\GitHub\CustomerLine\.git\objects\78\249e867cbb8712c00c536e6b6bbd6ef2fdec57";"249e867cbb8712c00c536e6b6bbd6ef2fdec57";"";"2026-04-27 10:35";"0,2"
"C:\Users\gille\OneDrive - CustomerLine Technology\Documents\GitHub\CustomerLine\.git\objects\7a\351b22d9157452dfe908005a32e4795c14e5b2";"351b22d9157452dfe908005a32e4795c14e5b2";"";"2026-04-03 12:11";"1,6"
"C:\Users\gille\OneDrive - CustomerLine Technology\Documents\GitHub\CustomerLine\.git\objects\7b\3c5fed2e35d1793ffd85a83b308230ff1c1e11";"3c5fed2e35d1793ffd85a83b308230ff1c1e11";"";"2026-05-10 11:31";"4,1"
"C:\Users\gille\OneDrive - CustomerLine Technology\Documents\GitHub\CustomerLine\.git\objects\7b\8491bf0f7ed6702c734bf6013c99baddea351a";"8491bf0f7ed6702c734bf6013c99baddea351a";"";"2026-05-20 18:29";"0,2"
"C:\Users\gille\OneDrive - CustomerLine Technology\Documents\GitHub\CustomerLine\.git\objects\7b\efdbe951f1ff4e871b7c88ae35672dce41506e";"efdbe951f1ff4e871b7c88ae35672dce41506e";"";"2026-04-14 09:48";"8"
"C:\Users\gille\OneDrive - CustomerLine Technology\Documents\GitHub\CustomerLine\.git\objects\80\f1e735cfbe8bd20d569a8dd4f51bc53138e295";"f1e735cfbe8bd20d569a8dd4f51bc53138e295";"";"2026-04-15 08:16";"4,2"
"C:\Users\gille\OneDrive - CustomerLine Technology\Documents\GitHub\CustomerLine\.git\objects\82\e5e30141a6d79cf70941d1764e3704da7a21d1";"e5e30141a6d79cf70941d1764e3704da7a21d1";"";"2026-05-22 16:16";"0,2"
"C:\Users\gille\OneDrive - CustomerLine Technology\Documents\GitHub\CustomerLine\.git\objects\83\7045f43541f4fefc8b3e7352a59a713de3841a";"7045f43541f4fefc8b3e7352a59a713de3841a";"";"2026-05-10 11:31";"0,8"
"C:\Users\gille\OneDrive - CustomerLine Technology\Documents\GitHub\CustomerLine\.git\objects\84\d58b71cf41fe7cd36a69758296a0897c696ee4";"d58b71cf41fe7cd36a69758296a0897c696ee4";"";"2026-04-27 10:35";"0,2"
"C:\Users\gille\OneDrive - CustomerLine Technology\Documents\GitHub\CustomerLine\.git\objects\86\a0e367f99d1fbd82843832aace213f0241ada9";"a0e367f99d1fbd82843832aace213f0241ada9";"";"2026-04-03 12:15";"0,1"
"C:\Users\gille\OneDrive - CustomerLine Technology\Documents\GitHub\CustomerLine\.git\objects\8c\7dddc5091e8430f4d2cba72ac656714a19c1e7";"7dddc5091e8430f4d2cba72ac656714a19c1e7";"";"2026-06-04 11:47";"126,2"
"C:\Users\gille\OneDrive - CustomerLine Technology\Documents\GitHub\CustomerLine\.git\objects\8f\3394b5660ac8f3ed71cd6a28eae01b2a2a42d9";"3394b5660ac8f3ed71cd6a28eae01b2a2a42d9";"";"2026-04-08 17:10";"0,2"
"C:\Users\gille\OneDrive - CustomerLine Technology\Documents\GitHub\CustomerLine\.git\objects\8f\5b6e80a24884e6dad8de2d8d6782e9714c2c6b";"5b6e80a24884e6dad8de2d8d6782e9714c2c6b";"";"2026-04-15 08:16";"0,2"
"C:\Users\gille\OneDrive - CustomerLine Technology\Documents\GitHub\CustomerLine\.git\objects\94\d08b0b311d3ac7cfda6701b3dc550ea6ae6f7f";"d08b0b311d3ac7cfda6701b3dc550ea6ae6f7f";"";"2026-04-08 17:10";"0,1"
"C:\Users\gille\OneDrive - CustomerLine Technology\Documents\GitHub\CustomerLine\.git\objects\95\75b7ca7d6c3a52f9021087f9367b1544b43d44";"75b7ca7d6c3a52f9021087f9367b1544b43d44";"";"2026-04-14 09:48";"11,2"
"C:\Users\gille\OneDrive - CustomerLine Technology\Documents\GitHub\CustomerLine\.git\objects\96\571eeb335b80dcaecad0c5bdfe99503115282b";"571eeb335b80dcaecad0c5bdfe99503115282b";"";"2026-05-22 16:16";"0,2"
"C:\Users\gille\OneDrive - CustomerLine Technology\Documents\GitHub\CustomerLine\.git\objects\97\38ef460be5624aaf01638f1bf7f7af13b1f305";"38ef460be5624aaf01638f1bf7f7af13b1f305";"";"2026-05-04 18:43";"0,2"
"C:\Users\gille\OneDrive - CustomerLine Technology\Documents\GitHub\CustomerLine\.git\objects\97\938f4163b2b49c51beafcb5e74f308b9463aac";"938f4163b2b49c51beafcb5e74f308b9463aac";"";"2026-04-27 12:12";"0,2"
"C:\Users\gille\OneDrive - CustomerLine Technology\Documents\GitHub\CustomerLine\.git\objects\98\8912de623d8ceed58ff5531d524abea5b477ec";"8912de623d8ceed58ff5531d524abea5b477ec";"";"2026-04-27 12:05";"0,3"
"C:\Users\gille\OneDrive - CustomerLine Technology\Documents\GitHub\CustomerLine\.git\objects\9a\a4831cde8dfd00b9209ed6d12947ba364d752d";"a4831cde8dfd00b9209ed6d12947ba364d752d";"";"2026-05-10 11:31";"0,8"
"C:\Users\gille\OneDrive - CustomerLine Technology\Documents\GitHub\CustomerLine\.git\objects\9c\0c0fc23d50d65aa34ac7248ba31cc5be8be6f4";"0c0fc23d50d65aa34ac7248ba31cc5be8be6f4";"";"2026-04-23 13:13";"0,2"
"C:\Users\gille\OneDrive - CustomerLine Technology\Documents\GitHub\CustomerLine\.git\objects\9f\aabcef5f15498838ce129b14dcba0f4d866b51";"aabcef5f15498838ce129b14dcba0f4d866b51";"";"2026-04-15 08:16";"3,3"
"C:\Users\gille\OneDrive - CustomerLine Technology\Documents\GitHub\CustomerLine\.git\objects\9f\e8ea3c909f7a12d9259d16b3636d92675f3b6b";"e8ea3c909f7a12d9259d16b3636d92675f3b6b";"";"2026-05-10 11:31";"0,2"
"C:\Users\gille\OneDrive - CustomerLine Technology\Documents\GitHub\CustomerLine\.git\objects\a0\c4f24e1dfeda494853f1c0378df82f00767b36";"c4f24e1dfeda494853f1c0378df82f00767b36";"";"2026-04-14 11:41";"0,2"
"C:\Users\gille\OneDrive - CustomerLine Technology\Documents\GitHub\CustomerLine\.git\objects\a3\3ff542ca17e7e8bf04834d57b27fa063f80158";"3ff542ca17e7e8bf04834d57b27fa063f80158";"";"2026-04-23 13:13";"0,2"
"C:\Users\gille\OneDrive - CustomerLine Technology\Documents\GitHub\CustomerLine\.git\objects\a8\f3c437f123bc957682b06fafe941ba0559e36a";"f3c437f123bc957682b06fafe941ba0559e36a";"";"2026-04-14 11:41";"9,6"
"C:\Users\gille\OneDrive - CustomerLine Technology\Documents\GitHub\CustomerLine\.git\objects\a9\1495f60a379bf201c6b32ccfd4fd158a188f1e";"1495f60a379bf201c6b32ccfd4fd158a188f1e";"";"2026-04-03 12:11";"0,1"
"C:\Users\gille\OneDrive - CustomerLine Technology\Documents\GitHub\CustomerLine\.git\objects\a9\850d625359dd0b47f2af7b884f4b8c6fd86005";"850d625359dd0b47f2af7b884f4b8c6fd86005";"";"2026-06-04 11:47";"3,7"
"C:\Users\gille\OneDrive - CustomerLine Technology\Documents\GitHub\CustomerLine\.git\objects\ad\b3a062e6ec1bba5fcb63e717e6cfeac4e3794e";"b3a062e6ec1bba5fcb63e717e6cfeac4e3794e";"";"2026-04-27 12:12";"0,2"
"C:\Users\gille\OneDrive - CustomerLine Technology\Documents\GitHub\CustomerLine\.git\objects\ae\30dce39e93bf4f3f15173f06624ff6f6b56f90";"30dce39e93bf4f3f15173f06624ff6f6b56f90";"";"2026-04-27 12:05";"0,2"
"C:\Users\gille\OneDrive - CustomerLine Technology\Documents\GitHub\CustomerLine\.git\objects\ae\ad4e8c24603a015f75046cbbc03ff4c8a56d64";"ad4e8c24603a015f75046cbbc03ff4c8a56d64";"";"2026-04-27 12:05";"0,2"
"C:\Users\gille\OneDrive - CustomerLine Technology\Documents\GitHub\CustomerLine\.git\objects\b2\2c110ddfe7964a80e508fd71b593f4ab8fe17a";"2c110ddfe7964a80e508fd71b593f4ab8fe17a";"";"2026-04-08 12:32";"0,1"
"C:\Users\gille\OneDrive - CustomerLine Technology\Documents\GitHub\CustomerLine\.git\objects\b2\2e83dce9d959ba3f8c4711782f44d496d2cdc0";"2e83dce9d959ba3f8c4711782f44d496d2cdc0";"";"2026-04-03 12:11";"0,2"
"C:\Users\gille\OneDrive - CustomerLine Technology\Documents\GitHub\CustomerLine\.git\objects\b2\4968a5ff1f76cee3f215b63a6f0c1c90269a24";"4968a5ff1f76cee3f215b63a6f0c1c90269a24";"";"2026-04-08 17:10";"2345,9"
"C:\Users\gille\OneDrive - CustomerLine Technology\Documents\GitHub\CustomerLine\.git\objects\b7\c54c23c74a732ee6cbbb1522ed675277220876";"c54c23c74a732ee6cbbb1522ed675277220876";"";"2026-05-10 11:31";"3,4"
"C:\Users\gille\OneDrive - CustomerLine Technology\Documents\GitHub\CustomerLine\.git\objects\b9\424f0ad5d1652ea94f7780bf3911be5e890988";"424f0ad5d1652ea94f7780bf3911be5e890988";"";"2026-06-04 11:47";"87,8"
"C:\Users\gille\OneDrive - CustomerLine Technology\Documents\GitHub\CustomerLine\.git\objects\c3\581dc54147b39e1b1e4a95ee59d34f4e8fc478";"581dc54147b39e1b1e4a95ee59d34f4e8fc478";"";"2026-04-08 17:10";"1054"
"C:\Users\gille\OneDrive - CustomerLine Technology\Documents\GitHub\CustomerLine\.git\objects\ca\44a3aab7e39968aab56c5d287aeb101bf5d79e";"44a3aab7e39968aab56c5d287aeb101bf5d79e";"";"2026-04-27 10:40";"7,3"
"C:\Users\gille\OneDrive - CustomerLine Technology\Documents\GitHub\CustomerLine\.git\objects\cb\1115c75345a7c8ada2dcd47898194adebc6e4b";"1115c75345a7c8ada2dcd47898194adebc6e4b";"";"2026-04-03 12:04";"0,1"
"C:\Users\gille\OneDrive - CustomerLine Technology\Documents\GitHub\CustomerLine\.git\objects\cc\299f300f99c8fddbe069fc6d2a8a6ee3ecfeee";"299f300f99c8fddbe069fc6d2a8a6ee3ecfeee";"";"2026-05-10 11:31";"3,3"
"C:\Users\gille\OneDrive - CustomerLine Technology\Documents\GitHub\CustomerLine\.git\objects\ce\41eefd7752ee5c3137e0d00d28a5dee9c8f68f";"41eefd7752ee5c3137e0d00d28a5dee9c8f68f";"";"2026-06-04 11:47";"0,2"
"C:\Users\gille\OneDrive - CustomerLine Technology\Documents\GitHub\CustomerLine\.git\objects\d1\cab3b8210ce34f0f6b0f8c30f54aedc9150b2b";"cab3b8210ce34f0f6b0f8c30f54aedc9150b2b";"";"2026-06-04 11:47";"3,2"
"C:\Users\gille\OneDrive - CustomerLine Technology\Documents\GitHub\CustomerLine\.git\objects\d2\b01bffdddb5ae727c26e810a6f0ab1304ba7ca";"b01bffdddb5ae727c26e810a6f0ab1304ba7ca";"";"2026-06-04 11:47";"209,3"
"C:\Users\gille\OneDrive - CustomerLine Technology\Documents\GitHub\CustomerLine\.git\objects\d3\66d8d3d4658e59449d7e0f3e77f92e1d9fc29f";"66d8d3d4658e59449d7e0f3e77f92e1d9fc29f";"";"2026-04-08 17:10";"4,1"
"C:\Users\gille\OneDrive - CustomerLine Technology\Documents\GitHub\CustomerLine\.git\objects\d3\a30950e1073714ef125a81d09198e75c528c6a";"a30950e1073714ef125a81d09198e75c528c6a";"";"2026-05-20 09:07";"3,4"
"C:\Users\gille\OneDrive - CustomerLine Technology\Documents\GitHub\CustomerLine\.git\objects\d5\4c79f0ff401ce843c4b9ca50f9dab1eceb8e26";"4c79f0ff401ce843c4b9ca50f9dab1eceb8e26";"";"2026-06-04 11:47";"1122,5"
"C:\Users\gille\OneDrive - CustomerLine Technology\Documents\GitHub\CustomerLine\.git\objects\d5\dfec21c8305afd701ba19a839ffca85c73b685";"dfec21c8305afd701ba19a839ffca85c73b685";"";"2026-05-10 11:31";"0,2"
"C:\Users\gille\OneDrive - CustomerLine Technology\Documents\GitHub\CustomerLine\.git\objects\d9\eb7714039b18b64499111233d33579e8a59dec";"eb7714039b18b64499111233d33579e8a59dec";"";"2026-04-14 09:48";"0,2"
"C:\Users\gille\OneDrive - CustomerLine Technology\Documents\GitHub\CustomerLine\.git\objects\df\77575839822f090d4222d48bd1f13c0fa2cef3";"77575839822f090d4222d48bd1f13c0fa2cef3";"";"2026-06-04 11:47";"0,2"
"C:\Users\gille\OneDrive - CustomerLine Technology\Documents\GitHub\CustomerLine\.git\objects\df\94fb0747380365ecfac4049d8a91396711c357";"94fb0747380365ecfac4049d8a91396711c357";"";"2026-05-10 11:31";"0,1"
"C:\Users\gille\OneDrive - CustomerLine Technology\Documents\GitHub\CustomerLine\.git\objects\e1\9c7c441b86e205301ca70692d2fc127278f3b9";"9c7c441b86e205301ca70692d2fc127278f3b9";"";"2026-06-04 11:47";"1073,4"
"C:\Users\gille\OneDrive - CustomerLine Technology\Documents\GitHub\CustomerLine\.git\objects\e1\dc4ffcffac43305c5f1c5db2ee18b66531c1ed";"dc4ffcffac43305c5f1c5db2ee18b66531c1ed";"";"2026-06-04 11:47";"3,3"
"C:\Users\gille\OneDrive - CustomerLine Technology\Documents\GitHub\CustomerLine\.git\objects\e5\0a598e3cd738ccba0505d97c0c9f28d904f5cb";"0a598e3cd738ccba0505d97c0c9f28d904f5cb";"";"2026-04-03 12:11";"0,1"
"C:\Users\gille\OneDrive - CustomerLine Technology\Documents\GitHub\CustomerLine\.git\objects\e8\d850e6afdf68e9a778588ba95a67d61499b649";"d850e6afdf68e9a778588ba95a67d61499b649";"";"2026-04-23 13:13";"0,2"
"C:\Users\gille\OneDrive - CustomerLine Technology\Documents\GitHub\CustomerLine\.git\objects\ea\1a31e4247388de698e53423916f31e43c968d5";"1a31e4247388de698e53423916f31e43c968d5";"";"2026-04-27 10:35";"0,2"
"C:\Users\gille\OneDrive - CustomerLine Technology\Documents\GitHub\CustomerLine\.git\objects\ea\7e615cf9a3d03c6a896507d2daa1c95de629fc";"7e615cf9a3d03c6a896507d2daa1c95de629fc";"";"2026-05-04 18:43";"0,2"
"C:\Users\gille\OneDrive - CustomerLine Technology\Documents\GitHub\CustomerLine\.git\objects\ec\fbb912f4aedc4a2b4679dc4e4e3e4229841bc2";"fbb912f4aedc4a2b4679dc4e4e3e4229841bc2";"";"2026-05-04 18:43";"0,2"
"C:\Users\gille\OneDrive - CustomerLine Technology\Documents\GitHub\CustomerLine\.git\objects\f2\4df715cac5b6efdffcda22a8a15f25e3edc131";"4df715cac5b6efdffcda22a8a15f25e3edc131";"";"2026-06-04 11:47";"0,2"
"C:\Users\gille\OneDrive - CustomerLine Technology\Documents\GitHub\CustomerLine\.git\objects\fd\49b5f7f8019708b7ed60e9728a55b01bb41f68";"49b5f7f8019708b7ed60e9728a55b01bb41f68";"";"2026-04-15 08:16";"4,1"
"C:\Users\gille\OneDrive - CustomerLine Technology\Documents\GitHub\CustomerLine\.git\objects\pack\pack-b5c45983b20d936b94a2b0a40d29f1ea14be9725.idx";"pack-b5c45983b20d936b94a2b0a40d29f1ea14be9725.idx";".idx";"2026-04-03 11:59";"2,6"
"C:\Users\gille\OneDrive - CustomerLine Technology\Documents\GitHub\CustomerLine\.git\objects\pack\pack-b5c45983b20d936b94a2b0a40d29f1ea14be9725.pack";"pack-b5c45983b20d936b94a2b0a40d29f1ea14be9725.pack";".pack";"2026-04-03 12:04";"4819,9"
"C:\Users\gille\OneDrive - CustomerLine Technology\Documents\GitHub\CustomerLine\.git\objects\pack\pack-b5c45983b20d936b94a2b0a40d29f1ea14be9725.rev";"pack-b5c45983b20d936b94a2b0a40d29f1ea14be9725.rev";".rev";"2026-04-03 11:59";"0,3"
"C:\Users\gille\OneDrive - CustomerLine Technology\Documents\GitHub\CustomerLine\.git\refs\heads\main";"main";"";"2026-06-04 11:47";"0"
"C:\Users\gille\OneDrive - CustomerLine Technology\Documents\GitHub\CustomerLine\.git\refs\remotes\origin\HEAD";"HEAD";"";"2026-07-11 09:59";"0"
"C:\Users\gille\OneDrive - CustomerLine Technology\Documents\GitHub\CustomerLine\.git\refs\remotes\origin\main";"main";"";"2026-06-04 11:48";"0"
"C:\Users\gille\OneDrive - CustomerLine Technology\Documents\GitHub\CustomerLine\ediis_pay\EdiisPay_Integrateur_Referent_Diagramme.html";"EdiisPay_Integrateur_Referent_Diagramme.html";".html";"2026-04-02 10:56";"35,4"
"C:\Users\gille\OneDrive - CustomerLine Technology\Documents\GitHub\CustomerLine\ediis_pay\EdiisPay_Radar_Paiements_NL1.html";"EdiisPay_Radar_Paiements_NL1.html";".html";"2026-04-27 10:34";"22,2"
"C:\Users\gille\OneDrive - CustomerLine Technology\Documents\GitHub\CustomerLine\ediis_pay\EdiisPay_Veille_Newsletter_v2_avril2026.html";"EdiisPay_Veille_Newsletter_v2_avril2026.html";".html";"2026-04-08 17:01";"30,8"
"C:\Users\gille\OneDrive - CustomerLine Technology\Documents\GitHub\CustomerLine\ediis_pay\ediis_pay_cartographie_rôles.html";"ediis_pay_cartographie_rôles.html";".html";"2026-04-02 11:39";"26,9"
"C:\Users\gille\OneDrive - CustomerLine Technology\Documents\GitHub\CustomerLine\minisite\index.html";"index.html";".html";"2026-05-22 16:14";"12,8"
"C:\Users\gille\OneDrive - CustomerLine Technology\Documents\GitHub\CustomerLine\minisite\navigation.html";"navigation.html";".html";"2026-05-22 16:14";"8,9"
"C:\Users\gille\OneDrive - CustomerLine Technology\Documents\GitHub\CustomerLine\minisite\nouveautes.html";"nouveautes.html";".html";"2026-05-22 16:14";"11,8"
"C:\Users\gille\OneDrive - CustomerLine Technology\Documents\GitHub\CustomerLine\minisite\sommaire.html";"sommaire.html";".html";"2026-05-22 16:14";"19,5"
"C:\Users\gille\OneDrive - CustomerLine Technology\Documents\GitHub\CustomerLine\minisite\tips.html";"tips.html";".html";"2026-05-22 16:14";"127,1"
"C:\Users\gille\OneDrive - CustomerLine Technology\Documents\GitHub\CustomerLine\minisite\gif\afficher_donnees.gif";"afficher_donnees.gif";".gif";"2026-05-21 10:42";"834,6"
"C:\Users\gille\OneDrive - CustomerLine Technology\Documents\GitHub\CustomerLine\minisite\gif\aide_information_alerte.gif";"aide_information_alerte.gif";".gif";"2026-04-23 10:46";"1293,1"
"C:\Users\gille\OneDrive - CustomerLine Technology\Documents\GitHub\CustomerLine\minisite\gif\bouton_radio.gif";"bouton_radio.gif";".gif";"2026-04-23 10:48";"243,1"
"C:\Users\gille\OneDrive - CustomerLine Technology\Documents\GitHub\CustomerLine\minisite\gif\cycle_temporel.gif";"cycle_temporel.gif";".gif";"2026-04-23 10:50";"169,8"
"C:\Users\gille\OneDrive - CustomerLine Technology\Documents\GitHub\CustomerLine\minisite\gif\ecran_commun.gif";"ecran_commun.gif";".gif";"2026-04-23 10:54";"1328,6"
"C:\Users\gille\OneDrive - CustomerLine Technology\Documents\GitHub\CustomerLine\minisite\gif\export.gif";"export.gif";".gif";"2026-04-23 10:58";"595,3"
"C:\Users\gille\OneDrive - CustomerLine Technology\Documents\GitHub\CustomerLine\minisite\gif\filtres.gif";"filtres.gif";".gif";"2026-04-23 12:37";"703,6"
"C:\Users\gille\OneDrive - CustomerLine Technology\Documents\GitHub\CustomerLine\minisite\gif\filtre_cycle.gif";"filtre_cycle.gif";".gif";"2026-04-23 11:04";"299,2"
"C:\Users\gille\OneDrive - CustomerLine Technology\Documents\GitHub\CustomerLine\minisite\gif\hierarchie.gif";"hierarchie.gif";".gif";"2026-04-23 12:41";"453,4"
"C:\Users\gille\OneDrive - CustomerLine Technology\Documents\GitHub\CustomerLine\minisite\gif\ic-comparaison-mensuelle.png";"ic-comparaison-mensuelle.png";".png";"2026-05-08 09:40";"52,8"
"C:\Users\gille\OneDrive - CustomerLine Technology\Documents\GitHub\CustomerLine\minisite\gif\ic-courbe-13-mois.png";"ic-courbe-13-mois.png";".png";"2026-05-08 09:43";"31,3"
"C:\Users\gille\OneDrive - CustomerLine Technology\Documents\GitHub\CustomerLine\minisite\gif\sommaire1.gif";"sommaire1.gif";".gif";"2026-04-23 12:47";"949,7"
"C:\Users\gille\OneDrive - CustomerLine Technology\Documents\GitHub\CustomerLine\minisite\gif\zoom_bloc_vert_filtre.gif";"zoom_bloc_vert_filtre.gif";".gif";"2026-04-23 12:55";"2192,8"
"C:\Users\gille\OneDrive - CustomerLine Technology\Documents\GitHub\CustomerLine\minisite\gif\zoom_recherche_duree_montant.gif";"zoom_recherche_duree_montant.gif";".gif";"2026-04-23 13:05";"996,8"
"C:\Users\gille\OneDrive - CustomerLine Technology\Documents\GitHub\CustomerLine\minisite\gif\zoom_recrutement.gif";"zoom_recrutement.gif";".gif";"2026-04-23 13:09";"896,2"
"C:\Users\gille\OneDrive - CustomerLine Technology\Documents\GitHub\CustomerLine\minisite\screenshots\reabo_ic_comparaison.png";"reabo_ic_comparaison.png";".png";"2026-05-08 09:40";"52,8"
"C:\Users\gille\OneDrive - CustomerLine Technology\Documents\GitHub\CustomerLine\minisite\screenshots\reabo_ic_courbe.png";"reabo_ic_courbe.png";".png";"2026-05-08 09:43";"31,3"
"C:\Users\gille\OneDrive - CustomerLine Technology\Documents\GitHub\CustomerLine\minisite_caritatif\index.html";"index.html";".html";"2026-06-04 11:45";"11,2"
"C:\Users\gille\OneDrive - CustomerLine Technology\Documents\GitHub\CustomerLine\minisite_caritatif\navigation.html";"navigation.html";".html";"2026-06-04 11:45";"8,9"
"C:\Users\gille\OneDrive - CustomerLine Technology\Documents\GitHub\CustomerLine\minisite_caritatif\nouveautes.html";"nouveautes.html";".html";"2026-06-04 11:45";"11,8"
"C:\Users\gille\OneDrive - CustomerLine Technology\Documents\GitHub\CustomerLine\minisite_caritatif\sommaire.html";"sommaire.html";".html";"2026-06-04 11:45";"12"
"C:\Users\gille\OneDrive - CustomerLine Technology\Documents\GitHub\CustomerLine\minisite_caritatif\tips.html";"tips.html";".html";"2026-06-04 11:45";"127,1"
"C:\Users\gille\OneDrive - CustomerLine Technology\Documents\GitHub\CustomerLine\minisite_caritatif\gif\afficher_donnees.gif";"afficher_donnees.gif";".gif";"2026-05-21 10:42";"834,6"
"C:\Users\gille\OneDrive - CustomerLine Technology\Documents\GitHub\CustomerLine\minisite_caritatif\gif\aide_information_alerte.gif";"aide_information_alerte.gif";".gif";"2026-04-23 10:46";"1293,1"
"C:\Users\gille\OneDrive - CustomerLine Technology\Documents\GitHub\CustomerLine\minisite_caritatif\gif\bouton_radio.gif";"bouton_radio.gif";".gif";"2026-04-23 10:48";"243,1"
"C:\Users\gille\OneDrive - CustomerLine Technology\Documents\GitHub\CustomerLine\minisite_caritatif\gif\cycle_temporel.gif";"cycle_temporel.gif";".gif";"2026-04-23 10:50";"169,8"
"C:\Users\gille\OneDrive - CustomerLine Technology\Documents\GitHub\CustomerLine\minisite_caritatif\gif\ecran_commun.gif";"ecran_commun.gif";".gif";"2026-04-23 10:54";"1328,6"
"C:\Users\gille\OneDrive - CustomerLine Technology\Documents\GitHub\CustomerLine\minisite_caritatif\gif\export.gif";"export.gif";".gif";"2026-04-23 10:58";"595,3"
"C:\Users\gille\OneDrive - CustomerLine Technology\Documents\GitHub\CustomerLine\minisite_caritatif\gif\filtres.gif";"filtres.gif";".gif";"2026-04-23 12:37";"703,6"
"C:\Users\gille\OneDrive - CustomerLine Technology\Documents\GitHub\CustomerLine\minisite_caritatif\gif\filtre_cycle.gif";"filtre_cycle.gif";".gif";"2026-04-23 11:04";"299,2"
"C:\Users\gille\OneDrive - CustomerLine Technology\Documents\GitHub\CustomerLine\minisite_caritatif\gif\hierarchie.gif";"hierarchie.gif";".gif";"2026-04-23 12:41";"453,4"
"C:\Users\gille\OneDrive - CustomerLine Technology\Documents\GitHub\CustomerLine\minisite_caritatif\gif\sommaire1.gif";"sommaire1.gif";".gif";"2026-04-23 12:47";"949,7"
"C:\Users\gille\OneDrive - CustomerLine Technology\Documents\GitHub\CustomerLine\minisite_caritatif\gif\zoom_bloc_vert_filtre.gif";"zoom_bloc_vert_filtre.gif";".gif";"2026-04-23 12:55";"2192,8"
"C:\Users\gille\OneDrive - CustomerLine Technology\Documents\GitHub\CustomerLine\minisite_caritatif\gif\zoom_recherche_duree_montant.gif";"zoom_recherche_duree_montant.gif";".gif";"2026-04-23 13:05";"996,8"
"C:\Users\gille\OneDrive - CustomerLine Technology\Documents\GitHub\CustomerLine\minisite_caritatif\gif\zoom_recrutement.gif";"zoom_recrutement.gif";".gif";"2026-04-23 13:09";"896,2"
"C:\Users\gille\OneDrive - CustomerLine Technology\Documents\GitHub\CustomerLine\onboarding\datalab-link-generator.html";"datalab-link-generator.html";".html";"2026-04-03 12:16";"3,9"
"C:\Users\gille\OneDrive - CustomerLine Technology\Documents\GitHub\CustomerLine\onboarding\datalab-onboarding.html";"datalab-onboarding.html";".html";"2026-04-08 12:28";"9,6"
"C:\Users\gille\OneDrive - CustomerLine Technology\Documents\GitHub\CustomerLine\onboarding\placeholder.md";"placeholder.md";".md";"2026-04-03 11:59";"0"
